datetime,grid_id,value
2018-02-01T08:00:00Z,3S31A,11.4
2018-02-01T08:00:00Z,A2FBI,17
2018-02-01T08:00:00Z,DJN0F,11.1
2018-02-01T08:00:00Z,E5P9N,22.1
2018-02-01T08:00:00Z,FRITQ,29.8
2018-02-01T08:00:00Z,H96P6,12.8
2018-02-01T08:00:00Z,PG3MI,21
2018-02-01T08:00:00Z,QJHW4,5.2
2018-02-01T08:00:00Z,WT52R,6.5
2018-02-01T08:00:00Z,X5DKW,17.7
2018-02-01T08:00:00Z,ZP1FZ,6.2
2018-02-01T08:00:00Z,ZZ8JF,8.1
2018-02-01T16:00:00Z,1X116,12.85714286
2018-02-01T16:00:00Z,90BZ1,11.21428571
2018-02-01T16:00:00Z,9Q6TA,14.35714286
2018-02-01T16:00:00Z,KW43U,11.92857143
2018-02-01T16:00:00Z,VR4WG,12.5
2018-02-01T16:00:00Z,XJF9O,13.57142857
2018-02-01T16:00:00Z,XNLVD,14.23076923
2018-02-01T18:30:00Z,1Z2W7,142.525625
2018-02-01T18:30:00Z,90S79,139.1578947
2018-02-01T18:30:00Z,A7UCQ,98.34517241
2018-02-01T18:30:00Z,D7S1G,63.9375
2018-02-01T18:30:00Z,E2AUK,148.7823529
2018-02-01T18:30:00Z,GAC6R,112.5714286
2018-02-01T18:30:00Z,GJLB2,132.135
2018-02-01T18:30:00Z,HANW9,148.6875
2018-02-01T18:30:00Z,HM74A,154.875
2018-02-01T18:30:00Z,KZ9W9,101.3043478
2018-02-01T18:30:00Z,P8JA5,146.3703704
2018-02-01T18:30:00Z,PJNW1,78.606
2018-02-02T16:00:00Z,1X116,27.0625
2018-02-02T16:00:00Z,90BZ1,23.3125
2018-02-02T16:00:00Z,9Q6TA,23.8125
2018-02-02T16:00:00Z,KW43U,24.1875
2018-02-02T16:00:00Z,VR4WG,22.5
2018-02-02T16:00:00Z,XJF9O,23.4375
2018-02-02T16:00:00Z,XNLVD,37.8125
2018-02-02T18:30:00Z,1Z2W7,94.57411765
2018-02-02T18:30:00Z,90S79,121.4615385
2018-02-02T18:30:00Z,A7UCQ,79.65213115
2018-02-02T18:30:00Z,D7S1G,72.35227273
2018-02-02T18:30:00Z,E2AUK,132.46
2018-02-02T18:30:00Z,GJLB2,102.054375
2018-02-02T18:30:00Z,HANW9,111.4285714
2018-02-02T18:30:00Z,HM74A,101.7333333
2018-02-02T18:30:00Z,KZ9W9,86.04160714
2018-02-02T18:30:00Z,P8JA5,99.6875
2018-02-02T18:30:00Z,PJNW1,69.16058824
2018-02-03T08:00:00Z,3S31A,27.2
2018-02-03T08:00:00Z,A2FBI,18
2018-02-03T08:00:00Z,DJN0F,27.3
2018-02-03T08:00:00Z,E5P9N,32.3
2018-02-03T08:00:00Z,FRITQ,45.3
2018-02-03T08:00:00Z,H96P6,12.8
2018-02-03T08:00:00Z,PG3MI,20
2018-02-03T08:00:00Z,QJHW4,0.4
2018-02-03T08:00:00Z,WT52R,8.5
2018-02-03T08:00:00Z,X5DKW,39.1
2018-02-03T08:00:00Z,ZP1FZ,7.2
2018-02-03T08:00:00Z,ZZ8JF,6.9
2018-02-03T16:00:00Z,1X116,8.125
2018-02-03T16:00:00Z,90BZ1,8.625
2018-02-03T16:00:00Z,9Q6TA,10.66666667
2018-02-03T16:00:00Z,KW43U,9
2018-02-03T16:00:00Z,VR4WG,11.875
2018-02-03T16:00:00Z,XJF9O,9.625
2018-02-03T16:00:00Z,XNLVD,41
2018-02-03T18:30:00Z,1Z2W7,129.6581818
2018-02-03T18:30:00Z,90S79,165.1428571
2018-02-03T18:30:00Z,A7UCQ,103.3329231
2018-02-03T18:30:00Z,D7S1G,69.67586207
2018-02-03T18:30:00Z,E2AUK,144.1642857
2018-02-03T18:30:00Z,GJLB2,147.466
2018-02-03T18:30:00Z,HANW9,156.6666667
2018-02-03T18:30:00Z,HM74A,165.875
2018-02-03T18:30:00Z,KZ9W9,93.153125
2018-02-03T18:30:00Z,P8JA5,137.2
2018-02-03T18:30:00Z,PJNW1,81.89666667
2018-02-04T08:00:00Z,3S31A,19.84444444
2018-02-04T08:00:00Z,A2FBI,15.77777778
2018-02-04T08:00:00Z,DJN0F,22.15555556
2018-02-04T08:00:00Z,E5P9N,29.7
2018-02-04T08:00:00Z,FRITQ,31.23333333
2018-02-04T08:00:00Z,H96P6,11.73333333
2018-02-04T08:00:00Z,PG3MI,32.77777778
2018-02-04T08:00:00Z,QJHW4,7.971428571
2018-02-04T08:00:00Z,WT52R,7.05
2018-02-04T08:00:00Z,X5DKW,25.88888889
2018-02-04T08:00:00Z,ZP1FZ,11.16666667
2018-02-04T08:00:00Z,ZZ8JF,15.94444444
2018-02-04T16:00:00Z,1X116,13.3
2018-02-04T16:00:00Z,90BZ1,10.9
2018-02-04T16:00:00Z,9Q6TA,11.77777778
2018-02-04T16:00:00Z,KW43U,11.7
2018-02-04T16:00:00Z,VR4WG,13.6
2018-02-04T16:00:00Z,XJF9O,14
2018-02-04T16:00:00Z,XNLVD,23
2018-02-04T18:30:00Z,1Z2W7,162.8268421
2018-02-04T18:30:00Z,90S79,148.6315789
2018-02-04T18:30:00Z,A7UCQ,132.5629231
2018-02-04T18:30:00Z,D7S1G,89.30434783
2018-02-04T18:30:00Z,E2AUK,157.2538462
2018-02-04T18:30:00Z,GAC6R,189.1764706
2018-02-04T18:30:00Z,GJLB2,121.2827778
2018-02-04T18:30:00Z,HANW9,170.5
2018-02-04T18:30:00Z,HM74A,187
2018-02-04T18:30:00Z,KZ9W9,105.3701563
2018-02-04T18:30:00Z,P8JA5,152.2
2018-02-04T18:30:00Z,PJNW1,104.0227778
2018-02-05T08:00:00Z,3S31A,10.6
2018-02-05T08:00:00Z,A2FBI,9
2018-02-05T08:00:00Z,DJN0F,8.9
2018-02-05T08:00:00Z,E5P9N,11.3
2018-02-05T08:00:00Z,FRITQ,6.3
2018-02-05T08:00:00Z,H96P6,15.8
2018-02-05T08:00:00Z,PG3MI,24
2018-02-05T08:00:00Z,QJHW4,16
2018-02-05T08:00:00Z,WT52R,4.6
2018-02-05T08:00:00Z,X5DKW,15.5
2018-02-05T08:00:00Z,ZP1FZ,10.4
2018-02-05T08:00:00Z,ZZ8JF,7.8
2018-02-05T16:00:00Z,1X116,22
2018-02-05T16:00:00Z,90BZ1,18.33333333
2018-02-05T16:00:00Z,9Q6TA,24.16666667
2018-02-05T16:00:00Z,KW43U,21.5
2018-02-05T16:00:00Z,VR4WG,27.33333333
2018-02-05T16:00:00Z,XJF9O,19.77777778
2018-02-05T16:00:00Z,XNLVD,22.84615385
2018-02-05T18:30:00Z,1Z2W7,148.2147059
2018-02-05T18:30:00Z,90S79,133.7142857
2018-02-05T18:30:00Z,A7UCQ,95.16527273
2018-02-05T18:30:00Z,D7S1G,94.55
2018-02-05T18:30:00Z,E2AUK,147.7333333
2018-02-05T18:30:00Z,GAC6R,148.7941176
2018-02-05T18:30:00Z,GJLB2,118.560625
2018-02-05T18:30:00Z,HANW9,159.3571429
2018-02-05T18:30:00Z,HM74A,137.3
2018-02-05T18:30:00Z,KZ9W9,90.98461538
2018-02-05T18:30:00Z,P8JA5,115.3076923
2018-02-05T18:30:00Z,PJNW1,81.161875
2018-02-06T08:00:00Z,3S31A,20.3
2018-02-06T08:00:00Z,A2FBI,6
2018-02-06T08:00:00Z,DJN0F,22.1
2018-02-06T08:00:00Z,E5P9N,17.9
2018-02-06T08:00:00Z,FRITQ,10.4
2018-02-06T08:00:00Z,H96P6,13.4
2018-02-06T08:00:00Z,PG3MI,34
2018-02-06T08:00:00Z,WT52R,0.5
2018-02-06T08:00:00Z,X5DKW,18
2018-02-06T08:00:00Z,ZP1FZ,27
2018-02-06T08:00:00Z,ZZ8JF,3.4
2018-02-06T16:00:00Z,1X116,18.3125
2018-02-06T16:00:00Z,90BZ1,16.2
2018-02-06T16:00:00Z,9Q6TA,18.625
2018-02-06T16:00:00Z,KW43U,20.5625
2018-02-06T16:00:00Z,VR4WG,22
2018-02-06T16:00:00Z,XJF9O,52
2018-02-06T16:00:00Z,XNLVD,15.3125
2018-02-06T18:30:00Z,1Z2W7,125.1842105
2018-02-06T18:30:00Z,90S79,121.9473684
2018-02-06T18:30:00Z,A7UCQ,93.31557143
2018-02-06T18:30:00Z,D7S1G,86.37555556
2018-02-06T18:30:00Z,E2AUK,126.9235294
2018-02-06T18:30:00Z,GAC6R,173.9574468
2018-02-06T18:30:00Z,GJLB2,109.9028571
2018-02-06T18:30:00Z,HANW9,132.6428571
2018-02-06T18:30:00Z,HM74A,107.1111111
2018-02-06T18:30:00Z,KZ9W9,83.77449275
2018-02-06T18:30:00Z,P8JA5,122.2702703
2018-02-06T18:30:00Z,PJNW1,83.2295
2018-02-07T08:00:00Z,3S31A,21.6
2018-02-07T08:00:00Z,A2FBI,8
2018-02-07T08:00:00Z,DJN0F,7.9
2018-02-07T08:00:00Z,E5P9N,6.8
2018-02-07T08:00:00Z,FRITQ,33.8
2018-02-07T08:00:00Z,H96P6,23.4
2018-02-07T08:00:00Z,PG3MI,29
2018-02-07T08:00:00Z,X5DKW,16.8
2018-02-07T16:00:00Z,1X116,14.33333333
2018-02-07T16:00:00Z,90BZ1,12.35294118
2018-02-07T16:00:00Z,9Q6TA,17.1875
2018-02-07T16:00:00Z,KW43U,15.82352941
2018-02-07T16:00:00Z,VR4WG,18.52941176
2018-02-07T16:00:00Z,XJF9O,19.11111111
2018-02-07T16:00:00Z,XNLVD,14.6875
2018-02-07T18:30:00Z,1Z2W7,167.5261111
2018-02-07T18:30:00Z,90S79,220.3636364
2018-02-07T18:30:00Z,A7UCQ,156.4443243
2018-02-07T18:30:00Z,D7S1G,120.8542857
2018-02-07T18:30:00Z,E2AUK,213.6266667
2018-02-07T18:30:00Z,GAC6R,252.4468085
2018-02-07T18:30:00Z,GJLB2,131.686
2018-02-07T18:30:00Z,HANW9,202.0666667
2018-02-07T18:30:00Z,HM74A,206.75
2018-02-07T18:30:00Z,KZ9W9,89.42179104
2018-02-07T18:30:00Z,P8JA5,187.0625
2018-02-07T18:30:00Z,PJNW1,125.0204762
2018-02-08T08:00:00Z,3S31A,7.3
2018-02-08T08:00:00Z,A2FBI,7
2018-02-08T08:00:00Z,DJN0F,12.6
2018-02-08T08:00:00Z,E5P9N,12.3
2018-02-08T08:00:00Z,FRITQ,7.9
2018-02-08T08:00:00Z,H96P6,8.5
2018-02-08T08:00:00Z,PG3MI,10
2018-02-08T08:00:00Z,WT52R,2.1
2018-02-08T08:00:00Z,X5DKW,27.8
2018-02-08T08:00:00Z,ZP1FZ,5.4
2018-02-08T08:00:00Z,ZZ8JF,3.2
2018-02-08T16:00:00Z,1X116,24.44444444
2018-02-08T16:00:00Z,90BZ1,20.9
2018-02-08T16:00:00Z,9Q6TA,19.1
2018-02-08T16:00:00Z,KW43U,17.4
2018-02-08T16:00:00Z,VR4WG,25
2018-02-08T16:00:00Z,XJF9O,21.4
2018-02-08T16:00:00Z,XNLVD,19
2018-02-08T18:30:00Z,1Z2W7,161.5041667
2018-02-08T18:30:00Z,90S79,118.7142857
2018-02-08T18:30:00Z,A7UCQ,84.63818182
2018-02-08T18:30:00Z,D7S1G,124.0133333
2018-02-08T18:30:00Z,E2AUK,169.1296296
2018-02-08T18:30:00Z,GAC6R,209.2
2018-02-08T18:30:00Z,GJLB2,110.0409091
2018-02-08T18:30:00Z,HANW9,182.625
2018-02-08T18:30:00Z,HM74A,104.2
2018-02-08T18:30:00Z,KZ9W9,111.8546875
2018-02-08T18:30:00Z,P8JA5,213
2018-02-08T18:30:00Z,PJNW1,103.751
2018-02-09T08:00:00Z,3S31A,18.8
2018-02-09T08:00:00Z,A2FBI,7
2018-02-09T08:00:00Z,DJN0F,11.4
2018-02-09T08:00:00Z,E5P9N,22.3
2018-02-09T08:00:00Z,FRITQ,19.5
2018-02-09T08:00:00Z,H96P6,12.1
2018-02-09T08:00:00Z,PG3MI,16
2018-02-09T08:00:00Z,QJHW4,0.7
2018-02-09T08:00:00Z,WT52R,0.9
2018-02-09T08:00:00Z,X5DKW,15.1
2018-02-09T08:00:00Z,ZZ8JF,5.3
2018-02-09T16:00:00Z,1X116,21.9375
2018-02-09T16:00:00Z,90BZ1,16.3125
2018-02-09T16:00:00Z,9Q6TA,17.58333333
2018-02-09T16:00:00Z,KW43U,14.125
2018-02-09T16:00:00Z,VR4WG,21.5625
2018-02-09T16:00:00Z,XJF9O,18
2018-02-09T16:00:00Z,XNLVD,18.1875
2018-02-09T18:30:00Z,1Z2W7,187.5369231
2018-02-09T18:30:00Z,90S79,180.6470588
2018-02-09T18:30:00Z,A7UCQ,160.4521053
2018-02-09T18:30:00Z,D7S1G,187.7071429
2018-02-09T18:30:00Z,E2AUK,225.2148936
2018-02-09T18:30:00Z,GAC6R,169.0961538
2018-02-09T18:30:00Z,GJLB2,133.0754545
2018-02-09T18:30:00Z,HANW9,237.1333333
2018-02-09T18:30:00Z,HM74A,193.2307692
2018-02-09T18:30:00Z,KZ9W9,149.82
2018-02-09T18:30:00Z,PJNW1,106.0915385
2018-02-10T08:00:00Z,3S31A,12.875
2018-02-10T08:00:00Z,A2FBI,29
2018-02-10T08:00:00Z,DJN0F,26.675
2018-02-10T08:00:00Z,E5P9N,30.975
2018-02-10T08:00:00Z,FRITQ,10.15
2018-02-10T08:00:00Z,H96P6,28.55
2018-02-10T08:00:00Z,PG3MI,19.5
2018-02-10T08:00:00Z,QJHW4,19.75
2018-02-10T08:00:00Z,WT52R,15.85
2018-02-10T08:00:00Z,X5DKW,25.775
2018-02-10T08:00:00Z,ZP1FZ,22.3
2018-02-10T08:00:00Z,ZZ8JF,14.1
2018-02-10T16:00:00Z,1X116,22.6
2018-02-10T16:00:00Z,90BZ1,16.4
2018-02-10T16:00:00Z,9Q6TA,19.4
2018-02-10T16:00:00Z,KW43U,17
2018-02-10T16:00:00Z,VR4WG,20.1
2018-02-10T16:00:00Z,XJF9O,17.55
2018-02-10T16:00:00Z,XNLVD,16
2018-02-10T18:30:00Z,1Z2W7,99.45
2018-02-10T18:30:00Z,90S79,111.0769231
2018-02-10T18:30:00Z,A7UCQ,129.8716667
2018-02-10T18:30:00Z,D7S1G,165.7580645
2018-02-10T18:30:00Z,E2AUK,141.485
2018-02-10T18:30:00Z,GAC6R,136
2018-02-10T18:30:00Z,HANW9,174.2307692
2018-02-10T18:30:00Z,HM74A,138.6153846
2018-02-10T18:30:00Z,KZ9W9,95.26121951
2018-02-10T18:30:00Z,PJNW1,43.24
2018-02-11T08:00:00Z,3S31A,18.1
2018-02-11T08:00:00Z,A2FBI,21
2018-02-11T08:00:00Z,DJN0F,14.1
2018-02-11T08:00:00Z,E5P9N,22.1
2018-02-11T08:00:00Z,FRITQ,33.4
2018-02-11T08:00:00Z,H96P6,25.6
2018-02-11T08:00:00Z,PG3MI,24
2018-02-11T08:00:00Z,QJHW4,9.4
2018-02-11T08:00:00Z,WT52R,17
2018-02-11T08:00:00Z,X5DKW,20.9
2018-02-11T08:00:00Z,ZP1FZ,9.6
2018-02-11T08:00:00Z,ZZ8JF,7.2
2018-02-11T16:00:00Z,1X116,19.5
2018-02-11T16:00:00Z,90BZ1,15.5
2018-02-11T16:00:00Z,9Q6TA,26.5
2018-02-11T16:00:00Z,KW43U,20.5
2018-02-11T16:00:00Z,VR4WG,26.5
2018-02-11T16:00:00Z,XJF9O,20.5
2018-02-11T16:00:00Z,XNLVD,16.5
2018-02-11T18:30:00Z,1Z2W7,62.03833333
2018-02-11T18:30:00Z,90S79,114.4285714
2018-02-11T18:30:00Z,A7UCQ,64.56263158
2018-02-11T18:30:00Z,D7S1G,64.02
2018-02-11T18:30:00Z,E2AUK,71.17142857
2018-02-11T18:30:00Z,GAC6R,74.45454545
2018-02-11T18:30:00Z,GJLB2,67.16666667
2018-02-11T18:30:00Z,HANW9,74.6
2018-02-11T18:30:00Z,HM74A,66.33333333
2018-02-11T18:30:00Z,KZ9W9,77.52894737
2018-02-11T18:30:00Z,PJNW1,58.415
2018-02-12T16:00:00Z,1X116,18.4
2018-02-12T16:00:00Z,90BZ1,16.8
2018-02-12T16:00:00Z,9Q6TA,19.2
2018-02-12T16:00:00Z,KW43U,21.6
2018-02-12T16:00:00Z,VR4WG,27.4
2018-02-12T16:00:00Z,XJF9O,19.2
2018-02-12T16:00:00Z,XNLVD,18.5
2018-02-12T18:30:00Z,1Z2W7,101.6611111
2018-02-12T18:30:00Z,90S79,103.1818182
2018-02-12T18:30:00Z,A7UCQ,94.94769231
2018-02-12T18:30:00Z,D7S1G,112.5133333
2018-02-12T18:30:00Z,E2AUK,112.96875
2018-02-12T18:30:00Z,GAC6R,136.8823529
2018-02-12T18:30:00Z,GJLB2,66.05375
2018-02-12T18:30:00Z,HANW9,112.4285714
2018-02-12T18:30:00Z,HM74A,134
2018-02-12T18:30:00Z,KZ9W9,86.48863636
2018-02-12T18:30:00Z,P8JA5,90.5
2018-02-12T18:30:00Z,PJNW1,55.53777778
2018-02-13T08:00:00Z,3S31A,5.3
2018-02-13T08:00:00Z,A2FBI,4.416666667
2018-02-13T08:00:00Z,DJN0F,9.75
2018-02-13T08:00:00Z,E5P9N,6.375
2018-02-13T08:00:00Z,FRITQ,5.033333333
2018-02-13T08:00:00Z,H96P6,12.83333333
2018-02-13T08:00:00Z,PG3MI,7.916666667
2018-02-13T08:00:00Z,QJHW4,6.9
2018-02-13T08:00:00Z,WT52R,5.036363636
2018-02-13T08:00:00Z,X5DKW,9.281818182
2018-02-13T08:00:00Z,ZP1FZ,5.736363636
2018-02-13T08:00:00Z,ZZ8JF,3.554545455
2018-02-13T16:00:00Z,1X116,20.30769231
2018-02-13T16:00:00Z,90BZ1,13.33333333
2018-02-13T16:00:00Z,9Q6TA,20.16666667
2018-02-13T16:00:00Z,KW43U,13.88888889
2018-02-13T16:00:00Z,VR4WG,23.30769231
2018-02-13T16:00:00Z,XJF9O,17.53846154
2018-02-13T16:00:00Z,XNLVD,19.69230769
2018-02-13T18:30:00Z,1Z2W7,101.114
2018-02-13T18:30:00Z,90S79,66
2018-02-13T18:30:00Z,A7UCQ,58.39626866
2018-02-13T18:30:00Z,D7S1G,52.4
2018-02-13T18:30:00Z,E2AUK,81.595
2018-02-13T18:30:00Z,GAC6R,92.9137931
2018-02-13T18:30:00Z,GJLB2,51.46411765
2018-02-13T18:30:00Z,HANW9,60.4
2018-02-13T18:30:00Z,HM74A,74.38461538
2018-02-13T18:30:00Z,KZ9W9,60.44460317
2018-02-13T18:30:00Z,P8JA5,76.4375
2018-02-13T18:30:00Z,PJNW1,40.12
2018-02-14T08:00:00Z,3S31A,5.418181818
2018-02-14T08:00:00Z,A2FBI,10.5
2018-02-14T08:00:00Z,DJN0F,12.14444444
2018-02-14T08:00:00Z,E5P9N,8.5
2018-02-14T08:00:00Z,FRITQ,12.14166667
2018-02-14T08:00:00Z,H96P6,14.08
2018-02-14T08:00:00Z,PG3MI,9.846153846
2018-02-14T08:00:00Z,QJHW4,7.52
2018-02-14T08:00:00Z,WT52R,17.37272727
2018-02-14T08:00:00Z,X5DKW,11.17692308
2018-02-14T08:00:00Z,ZP1FZ,6.8
2018-02-14T08:00:00Z,ZZ8JF,5.966666667
2018-02-14T16:00:00Z,1X116,31.76923077
2018-02-14T16:00:00Z,90BZ1,21.53846154
2018-02-14T16:00:00Z,9Q6TA,28.15384615
2018-02-14T16:00:00Z,KW43U,26
2018-02-14T16:00:00Z,VR4WG,29.69230769
2018-02-14T16:00:00Z,XJF9O,26.92307692
2018-02-14T16:00:00Z,XNLVD,27.23076923
2018-02-14T18:30:00Z,1Z2W7,83.99352941
2018-02-14T18:30:00Z,90S79,80.64705882
2018-02-14T18:30:00Z,A7UCQ,68.81722222
2018-02-14T18:30:00Z,D7S1G,72.00909091
2018-02-14T18:30:00Z,E2AUK,94.57435897
2018-02-14T18:30:00Z,GAC6R,131.2096774
2018-02-14T18:30:00Z,GJLB2,81.29692308
2018-02-14T18:30:00Z,HANW9,91.94444444
2018-02-14T18:30:00Z,HM74A,86.47368421
2018-02-14T18:30:00Z,KZ9W9,69.32760563
2018-02-14T18:30:00Z,P8JA5,79.61290323
2018-02-14T18:30:00Z,PJNW1,58.935625
2018-02-15T08:00:00Z,3S31A,8.772727273
2018-02-15T08:00:00Z,A2FBI,3.222222222
2018-02-15T08:00:00Z,DJN0F,10.9
2018-02-15T08:00:00Z,E5P9N,6.18
2018-02-15T08:00:00Z,FRITQ,15.96363636
2018-02-15T08:00:00Z,H96P6,7.83
2018-02-15T08:00:00Z,PG3MI,15.7
2018-02-15T08:00:00Z,QJHW4,7.21
2018-02-15T08:00:00Z,WT52R,23.85714286
2018-02-15T08:00:00Z,X5DKW,7.09
2018-02-15T08:00:00Z,ZP1FZ,5.6375
2018-02-15T08:00:00Z,ZZ8JF,2.714285714
2018-02-15T16:00:00Z,1X116,42.83333333
2018-02-15T16:00:00Z,90BZ1,33.66666667
2018-02-15T16:00:00Z,9Q6TA,44.83333333
2018-02-15T16:00:00Z,KW43U,39.5
2018-02-15T16:00:00Z,VR4WG,42
2018-02-15T16:00:00Z,XJF9O,35.83333333
2018-02-15T16:00:00Z,XNLVD,36
2018-02-15T18:30:00Z,1Z2W7,126.6633333
2018-02-15T18:30:00Z,90S79,131.8333333
2018-02-15T18:30:00Z,A7UCQ,110.1813636
2018-02-15T18:30:00Z,D7S1G,93.525
2018-02-15T18:30:00Z,E2AUK,118.6735849
2018-02-15T18:30:00Z,GAC6R,166.44
2018-02-15T18:30:00Z,GJLB2,67.91
2018-02-15T18:30:00Z,HANW9,150.7647059
2018-02-15T18:30:00Z,HM74A,139.9333333
2018-02-15T18:30:00Z,KZ9W9,81.84722222
2018-02-15T18:30:00Z,P8JA5,127.1
2018-02-15T18:30:00Z,PJNW1,66.96
2018-02-16T08:00:00Z,3S31A,5.481818182
2018-02-16T08:00:00Z,A2FBI,4.625
2018-02-16T08:00:00Z,DJN0F,7.7
2018-02-16T08:00:00Z,E5P9N,6.4
2018-02-16T08:00:00Z,FRITQ,15
2018-02-16T08:00:00Z,H96P6,10.36363636
2018-02-16T08:00:00Z,PG3MI,9.363636364
2018-02-16T08:00:00Z,QJHW4,3.866666667
2018-02-16T08:00:00Z,WT52R,13.36666667
2018-02-16T08:00:00Z,X5DKW,8.454545455
2018-02-16T08:00:00Z,ZP1FZ,6.811111111
2018-02-16T08:00:00Z,ZZ8JF,2.625
2018-02-16T16:00:00Z,1X116,18.84615385
2018-02-16T16:00:00Z,90BZ1,13.46153846
2018-02-16T16:00:00Z,9Q6TA,19
2018-02-16T16:00:00Z,KW43U,20.16666667
2018-02-16T16:00:00Z,VR4WG,15.84615385
2018-02-16T16:00:00Z,XJF9O,14.46153846
2018-02-16T16:00:00Z,XNLVD,13.58333333
2018-02-16T18:30:00Z,1Z2W7,117.4136364
2018-02-16T18:30:00Z,90S79,145.1904762
2018-02-16T18:30:00Z,A7UCQ,115.9634884
2018-02-16T18:30:00Z,D7S1G,79.44166667
2018-02-16T18:30:00Z,E2AUK,133.3737705
2018-02-16T18:30:00Z,GAC6R,154.5757576
2018-02-16T18:30:00Z,GJLB2,89.96571429
2018-02-16T18:30:00Z,HANW9,130.8
2018-02-16T18:30:00Z,HM74A,137.9473684
2018-02-16T18:30:00Z,KZ9W9,91.0727907
2018-02-16T18:30:00Z,P8JA5,113.9047619
2018-02-16T18:30:00Z,PJNW1,65.553
2018-02-17T08:00:00Z,3S31A,8.85
2018-02-17T08:00:00Z,A2FBI,10.26315789
2018-02-17T08:00:00Z,DJN0F,10.78421053
2018-02-17T08:00:00Z,E5P9N,13.17368421
2018-02-17T08:00:00Z,FRITQ,13.43
2018-02-17T08:00:00Z,H96P6,12.39473684
2018-02-17T08:00:00Z,PG3MI,11.75
2018-02-17T08:00:00Z,QJHW4,4.872222222
2018-02-17T08:00:00Z,WT52R,4.161538462
2018-02-17T08:00:00Z,X5DKW,12.02
2018-02-17T08:00:00Z,ZP1FZ,7.523529412
2018-02-17T08:00:00Z,ZZ8JF,7.375
2018-02-17T16:00:00Z,1X116,31.13333333
2018-02-17T16:00:00Z,90BZ1,19.33333333
2018-02-17T16:00:00Z,9Q6TA,26.46666667
2018-02-17T16:00:00Z,KW43U,23.86666667
2018-02-17T16:00:00Z,VR4WG,26.8
2018-02-17T16:00:00Z,XJF9O,26.86666667
2018-02-17T16:00:00Z,XNLVD,25.6
2018-02-17T18:30:00Z,1Z2W7,122.9157895
2018-02-17T18:30:00Z,90S79,138.7058824
2018-02-17T18:30:00Z,A7UCQ,109.59025
2018-02-17T18:30:00Z,D7S1G,80.42653061
2018-02-17T18:30:00Z,E2AUK,153.6622951
2018-02-17T18:30:00Z,GAC6R,192.968254
2018-02-17T18:30:00Z,GJLB2,94.495
2018-02-17T18:30:00Z,HANW9,149.7647059
2018-02-17T18:30:00Z,HM74A,170.5294118
2018-02-17T18:30:00Z,KZ9W9,101.9301333
2018-02-17T18:30:00Z,P8JA5,130.3157895
2018-02-17T18:30:00Z,PJNW1,95.23727273
2018-02-18T08:00:00Z,3S31A,8.51
2018-02-18T08:00:00Z,A2FBI,9.526315789
2018-02-18T08:00:00Z,DJN0F,11.69473684
2018-02-18T08:00:00Z,E5P9N,11.27894737
2018-02-18T08:00:00Z,FRITQ,13.83684211
2018-02-18T08:00:00Z,H96P6,13.07368421
2018-02-18T08:00:00Z,PG3MI,12.1
2018-02-18T08:00:00Z,QJHW4,5.121052632
2018-02-18T08:00:00Z,WT52R,5.044444444
2018-02-18T08:00:00Z,X5DKW,12.7125
2018-02-18T08:00:00Z,ZP1FZ,7.926315789
2018-02-18T08:00:00Z,ZZ8JF,7.336842105
2018-02-18T16:00:00Z,1X116,27.63157895
2018-02-18T16:00:00Z,90BZ1,16.05263158
2018-02-18T16:00:00Z,9Q6TA,25.11111111
2018-02-18T16:00:00Z,KW43U,23.05263158
2018-02-18T16:00:00Z,VR4WG,31.84210526
2018-02-18T16:00:00Z,XJF9O,23.33333333
2018-02-18T16:00:00Z,XNLVD,28.73684211
2018-02-18T18:30:00Z,1Z2W7,162.3986364
2018-02-18T18:30:00Z,90S79,156.2
2018-02-18T18:30:00Z,A7UCQ,138.1062195
2018-02-18T18:30:00Z,D7S1G,137.5586207
2018-02-18T18:30:00Z,E2AUK,167.3885246
2018-02-18T18:30:00Z,GAC6R,217.9206349
2018-02-18T18:30:00Z,GJLB2,118.432381
2018-02-18T18:30:00Z,HANW9,156.4090909
2018-02-18T18:30:00Z,HM74A,196.7368421
2018-02-18T18:30:00Z,KZ9W9,143.2358025
2018-02-18T18:30:00Z,P8JA5,132.4
2018-02-18T18:30:00Z,PJNW1,138.9352381
2018-02-19T08:00:00Z,3S31A,3.42
2018-02-19T08:00:00Z,A2FBI,4.461538462
2018-02-19T08:00:00Z,DJN0F,8.007692308
2018-02-19T08:00:00Z,E5P9N,4.938461538
2018-02-19T08:00:00Z,FRITQ,5.190909091
2018-02-19T08:00:00Z,H96P6,7.907692308
2018-02-19T08:00:00Z,PG3MI,4.615384615
2018-02-19T08:00:00Z,QJHW4,4.425
2018-02-19T08:00:00Z,WT52R,4.68
2018-02-19T08:00:00Z,X5DKW,8.253846154
2018-02-19T08:00:00Z,ZP1FZ,5.141666667
2018-02-19T08:00:00Z,ZZ8JF,7.366666667
2018-02-19T16:00:00Z,1X116,28.73333333
2018-02-19T16:00:00Z,90BZ1,20
2018-02-19T16:00:00Z,9Q6TA,28.125
2018-02-19T16:00:00Z,KW43U,23.0625
2018-02-19T16:00:00Z,VR4WG,26
2018-02-19T16:00:00Z,XJF9O,27.52941176
2018-02-19T16:00:00Z,XNLVD,21.8125
2018-02-19T18:30:00Z,1Z2W7,170.9704762
2018-02-19T18:30:00Z,90S79,158.4210526
2018-02-19T18:30:00Z,A7UCQ,125.5534247
2018-02-19T18:30:00Z,D7S1G,104.8488372
2018-02-19T18:30:00Z,E2AUK,179.2714286
2018-02-19T18:30:00Z,GAC6R,207.462963
2018-02-19T18:30:00Z,GJLB2,155.2236842
2018-02-19T18:30:00Z,HANW9,201.5882353
2018-02-19T18:30:00Z,HM74A,168.05
2018-02-19T18:30:00Z,KZ9W9,150.969375
2018-02-19T18:30:00Z,P8JA5,154.9032258
2018-02-19T18:30:00Z,PJNW1,136.631
2018-02-20T08:00:00Z,3S31A,4.038888889
2018-02-20T08:00:00Z,A2FBI,5.368421053
2018-02-20T08:00:00Z,DJN0F,8.238888889
2018-02-20T08:00:00Z,E5P9N,6.821052632
2018-02-20T08:00:00Z,FRITQ,13.74615385
2018-02-20T08:00:00Z,H96P6,9.205263158
2018-02-20T08:00:00Z,PG3MI,5.578947368
2018-02-20T08:00:00Z,QJHW4,3.861538462
2018-02-20T08:00:00Z,WT52R,4.41875
2018-02-20T08:00:00Z,X5DKW,11.61052632
2018-02-20T08:00:00Z,ZP1FZ,7.56875
2018-02-20T08:00:00Z,ZZ8JF,2.85
2018-02-20T16:00:00Z,1X116,12
2018-02-20T16:00:00Z,90BZ1,9.1
2018-02-20T16:00:00Z,9Q6TA,11.36363636
2018-02-20T16:00:00Z,KW43U,11
2018-02-20T16:00:00Z,VR4WG,12.90909091
2018-02-20T16:00:00Z,XJF9O,8.083333333
2018-02-20T16:00:00Z,XNLVD,9.818181818
2018-02-20T18:30:00Z,1Z2W7,230.5735294
2018-02-20T18:30:00Z,90S79,178.2
2018-02-20T18:30:00Z,A7UCQ,164.9835294
2018-02-20T18:30:00Z,D7S1G,93.73409091
2018-02-20T18:30:00Z,E2AUK,270.3580645
2018-02-20T18:30:00Z,GAC6R,220.2708333
2018-02-20T18:30:00Z,GJLB2,154.9852941
2018-02-20T18:30:00Z,HANW9,189.6470588
2018-02-20T18:30:00Z,HM74A,210.9444444
2018-02-20T18:30:00Z,KZ9W9,209.1605
2018-02-20T18:30:00Z,P8JA5,197.5
2018-02-20T18:30:00Z,PJNW1,138.3523529
2018-02-21T08:00:00Z,3S31A,4.622222222
2018-02-21T08:00:00Z,A2FBI,9
2018-02-21T08:00:00Z,DJN0F,10.98
2018-02-21T08:00:00Z,E5P9N,11.55
2018-02-21T08:00:00Z,FRITQ,11.38
2018-02-21T08:00:00Z,H96P6,9.833333333
2018-02-21T08:00:00Z,PG3MI,7.1
2018-02-21T08:00:00Z,QJHW4,3.514285714
2018-02-21T08:00:00Z,WT52R,5.455555556
2018-02-21T08:00:00Z,X5DKW,14.52
2018-02-21T08:00:00Z,ZP1FZ,11.09
2018-02-21T08:00:00Z,ZZ8JF,2.544444444
2018-02-21T16:00:00Z,1X116,15.5
2018-02-21T16:00:00Z,90BZ1,4.75
2018-02-21T16:00:00Z,9Q6TA,7.333333333
2018-02-21T16:00:00Z,KW43U,14
2018-02-21T16:00:00Z,VR4WG,11
2018-02-21T16:00:00Z,XJF9O,4.5
2018-02-21T16:00:00Z,XNLVD,10
2018-02-21T18:30:00Z,1Z2W7,234.3275
2018-02-21T18:30:00Z,90S79,157.6666667
2018-02-21T18:30:00Z,A7UCQ,147.4857895
2018-02-21T18:30:00Z,D7S1G,11.75333333
2018-02-21T18:30:00Z,E2AUK,215
2018-02-21T18:30:00Z,GAC6R,262.9411765
2018-02-21T18:30:00Z,GJLB2,150.6266667
2018-02-21T18:30:00Z,HANW9,224.3333333
2018-02-21T18:30:00Z,HM74A,182
2018-02-21T18:30:00Z,KZ9W9,171.2611111
2018-02-21T18:30:00Z,PJNW1,61.924
2018-02-22T08:00:00Z,3S31A,4.641666667
2018-02-22T08:00:00Z,A2FBI,7.5
2018-02-22T08:00:00Z,DJN0F,13.75833333
2018-02-22T08:00:00Z,E5P9N,9.15
2018-02-22T08:00:00Z,FRITQ,13.69090909
2018-02-22T08:00:00Z,H96P6,14.91666667
2018-02-22T08:00:00Z,PG3MI,8.416666667
2018-02-22T08:00:00Z,QJHW4,4.21
2018-02-22T08:00:00Z,WT52R,5.091666667
2018-02-22T08:00:00Z,X5DKW,14.70909091
2018-02-22T08:00:00Z,ZP1FZ,11.69
2018-02-22T08:00:00Z,ZZ8JF,2.72
2018-02-23T08:00:00Z,3S31A,6.908333333
2018-02-23T08:00:00Z,A2FBI,5.166666667
2018-02-23T08:00:00Z,DJN0F,7.746153846
2018-02-23T08:00:00Z,E5P9N,6.181818182
2018-02-23T08:00:00Z,FRITQ,8.75
2018-02-23T08:00:00Z,H96P6,10.50769231
2018-02-23T08:00:00Z,PG3MI,5.285714286
2018-02-23T08:00:00Z,QJHW4,4.915384615
2018-02-23T08:00:00Z,WT52R,4.461538462
2018-02-23T08:00:00Z,X5DKW,10.37333333
2018-02-23T08:00:00Z,ZP1FZ,7.14
2018-02-23T08:00:00Z,ZZ8JF,1.909090909
2018-02-24T08:00:00Z,3S31A,8.652941176
2018-02-24T08:00:00Z,A2FBI,7.9375
2018-02-24T08:00:00Z,DJN0F,10.30666667
2018-02-24T08:00:00Z,E5P9N,10.25882353
2018-02-24T08:00:00Z,FRITQ,14.65333333
2018-02-24T08:00:00Z,H96P6,10.775
2018-02-24T08:00:00Z,PG3MI,7.470588235
2018-02-24T08:00:00Z,QJHW4,6.161538462
2018-02-24T08:00:00Z,WT52R,5.72
2018-02-24T08:00:00Z,X5DKW,11.61052632
2018-02-24T08:00:00Z,ZP1FZ,8.866666667
2018-02-24T08:00:00Z,ZZ8JF,4.975
2018-02-25T08:00:00Z,3S31A,9.983333333
2018-02-25T08:00:00Z,A2FBI,15.33333333
2018-02-25T08:00:00Z,DJN0F,11.76666667
2018-02-25T08:00:00Z,E5P9N,17.35
2018-02-25T08:00:00Z,FRITQ,20.01666667
2018-02-25T08:00:00Z,H96P6,9.833333333
2018-02-25T08:00:00Z,PG3MI,10.33333333
2018-02-25T08:00:00Z,QJHW4,6.566666667
2018-02-25T08:00:00Z,WT52R,3.54
2018-02-25T08:00:00Z,X5DKW,17.13333333
2018-02-25T08:00:00Z,ZP1FZ,6.12
2018-02-25T08:00:00Z,ZZ8JF,9.6
2018-02-27T08:00:00Z,3S31A,4.64
2018-02-27T08:00:00Z,A2FBI,3.5
2018-02-27T08:00:00Z,DJN0F,6.133333333
2018-02-27T08:00:00Z,E5P9N,6.35
2018-02-27T08:00:00Z,FRITQ,8.2
2018-02-27T08:00:00Z,H96P6,10.3
2018-02-27T08:00:00Z,PG3MI,5.6
2018-02-27T08:00:00Z,QJHW4,3.333333333
2018-02-27T08:00:00Z,WT52R,3.04
2018-02-27T08:00:00Z,X5DKW,10.33333333
2018-02-27T08:00:00Z,ZP1FZ,8.8
2018-02-27T08:00:00Z,ZZ8JF,1.733333333
2018-03-01T08:00:00Z,3S31A,5.3
2018-03-01T08:00:00Z,A2FBI,8.25
2018-03-01T08:00:00Z,DJN0F,17.125
2018-03-01T08:00:00Z,E5P9N,11.725
2018-03-01T08:00:00Z,FRITQ,9.125
2018-03-01T08:00:00Z,H96P6,12.45
2018-03-01T08:00:00Z,PG3MI,7
2018-03-01T08:00:00Z,QJHW4,4
2018-03-01T08:00:00Z,WT52R,9.3
2018-03-01T08:00:00Z,X5DKW,13.85
2018-03-01T08:00:00Z,ZP1FZ,12.175
2018-03-01T08:00:00Z,ZZ8JF,3.7
2018-03-02T08:00:00Z,3S31A,1.9
2018-03-02T08:00:00Z,A2FBI,9.5
2018-03-02T08:00:00Z,DJN0F,11.1
2018-03-02T08:00:00Z,E5P9N,10.6
2018-03-02T08:00:00Z,FRITQ,3.8
2018-03-02T08:00:00Z,H96P6,9
2018-03-02T08:00:00Z,PG3MI,7.5
2018-03-02T08:00:00Z,QJHW4,4
2018-03-02T08:00:00Z,X5DKW,7.75
2018-03-02T08:00:00Z,ZP1FZ,4.95
2018-03-02T08:00:00Z,ZZ8JF,3.05
2018-03-03T08:00:00Z,3S31A,7.7
2018-03-03T08:00:00Z,A2FBI,5
2018-03-03T08:00:00Z,DJN0F,13.43333333
2018-03-03T08:00:00Z,E5P9N,2.4
2018-03-03T08:00:00Z,FRITQ,0.3
2018-03-03T08:00:00Z,H96P6,9.5
2018-03-03T08:00:00Z,PG3MI,4
2018-03-03T08:00:00Z,QJHW4,4.95
2018-03-03T08:00:00Z,WT52R,4.466666667
2018-03-03T08:00:00Z,X5DKW,2.8
2018-03-03T08:00:00Z,ZP1FZ,12.73333333
2018-03-03T08:00:00Z,ZZ8JF,1.6
2018-03-04T08:00:00Z,3S31A,4.7375
2018-03-04T08:00:00Z,A2FBI,6.111111111
2018-03-04T08:00:00Z,DJN0F,10.17777778
2018-03-04T08:00:00Z,E5P9N,8.344444444
2018-03-04T08:00:00Z,FRITQ,8.866666667
2018-03-04T08:00:00Z,H96P6,10.77777778
2018-03-04T08:00:00Z,PG3MI,6.888888889
2018-03-04T08:00:00Z,QJHW4,3.3125
2018-03-04T08:00:00Z,WT52R,5.588888889
2018-03-04T08:00:00Z,X5DKW,10.125
2018-03-04T08:00:00Z,ZP1FZ,7.242857143
2018-03-04T08:00:00Z,ZZ8JF,3.7
2018-03-05T08:00:00Z,3S31A,2.71
2018-03-05T08:00:00Z,A2FBI,2.625
2018-03-05T08:00:00Z,DJN0F,4.755555556
2018-03-05T08:00:00Z,E5P9N,1.55
2018-03-05T08:00:00Z,FRITQ,10.3125
2018-03-05T08:00:00Z,H96P6,5.909090909
2018-03-05T08:00:00Z,PG3MI,7.363636364
2018-03-05T08:00:00Z,QJHW4,1.82
2018-03-05T08:00:00Z,WT52R,5.554545455
2018-03-05T08:00:00Z,X5DKW,7.433333333
2018-03-05T08:00:00Z,ZP1FZ,7.409090909
2018-03-05T08:00:00Z,ZZ8JF,0.75
2018-03-06T08:00:00Z,3S31A,5.16
2018-03-06T08:00:00Z,A2FBI,3.5
2018-03-06T08:00:00Z,DJN0F,8.52
2018-03-06T08:00:00Z,E5P9N,9.783333333
2018-03-06T08:00:00Z,FRITQ,12.65
2018-03-06T08:00:00Z,H96P6,8.383333333
2018-03-06T08:00:00Z,PG3MI,8.333333333
2018-03-06T08:00:00Z,QJHW4,2.95
2018-03-06T08:00:00Z,WT52R,5.55
2018-03-06T08:00:00Z,X5DKW,13.33333333
2018-03-06T08:00:00Z,ZP1FZ,10.025
2018-03-06T08:00:00Z,ZZ8JF,1.4
2018-03-07T08:00:00Z,3S31A,14.375
2018-03-07T08:00:00Z,A2FBI,6
2018-03-07T08:00:00Z,DJN0F,4.15
2018-03-07T08:00:00Z,E5P9N,12.325
2018-03-07T08:00:00Z,FRITQ,17.425
2018-03-07T08:00:00Z,H96P6,9.8
2018-03-07T08:00:00Z,PG3MI,14.75
2018-03-07T08:00:00Z,QJHW4,2.033333333
2018-03-07T08:00:00Z,WT52R,1.6
2018-03-07T08:00:00Z,X5DKW,17.675
2018-03-07T08:00:00Z,ZP1FZ,7.033333333
2018-03-07T08:00:00Z,ZZ8JF,9.1
2018-03-08T08:00:00Z,3S31A,14.61
2018-03-08T08:00:00Z,A2FBI,15.4
2018-03-08T08:00:00Z,DJN0F,21.34
2018-03-08T08:00:00Z,E5P9N,15.21
2018-03-08T08:00:00Z,FRITQ,18.51111111
2018-03-08T08:00:00Z,H96P6,11.49
2018-03-08T08:00:00Z,PG3MI,21
2018-03-08T08:00:00Z,QJHW4,5.04
2018-03-08T08:00:00Z,WT52R,11.47
2018-03-08T08:00:00Z,X5DKW,23.27
2018-03-08T08:00:00Z,ZP1FZ,13.3
2018-03-08T08:00:00Z,ZZ8JF,7.88
2018-03-08T18:30:00Z,7F1D1,200
2018-03-08T18:30:00Z,90S79,273
2018-03-08T18:30:00Z,GVQXS,269
2018-03-08T18:30:00Z,WZNCR,279
2018-03-09T08:00:00Z,3S31A,6.277777778
2018-03-09T08:00:00Z,A2FBI,12
2018-03-09T08:00:00Z,DJN0F,20.36
2018-03-09T08:00:00Z,E5P9N,12.49
2018-03-09T08:00:00Z,FRITQ,9.32
2018-03-09T08:00:00Z,H96P6,18.6
2018-03-09T08:00:00Z,PG3MI,17.8
2018-03-09T08:00:00Z,QJHW4,13.4
2018-03-09T08:00:00Z,WT52R,9.72
2018-03-09T08:00:00Z,X5DKW,17.42
2018-03-09T08:00:00Z,ZP1FZ,11.22222222
2018-03-09T08:00:00Z,ZZ8JF,4.29
2018-03-09T18:30:00Z,7F1D1,105
2018-03-09T18:30:00Z,90S79,196.3333333
2018-03-09T18:30:00Z,GVQXS,138.8
2018-03-09T18:30:00Z,WZNCR,196.4
2018-03-10T08:00:00Z,3S31A,4.88
2018-03-10T08:00:00Z,A2FBI,11.57142857
2018-03-10T08:00:00Z,DJN0F,18.55714286
2018-03-10T08:00:00Z,E5P9N,10.62857143
2018-03-10T08:00:00Z,FRITQ,3.96
2018-03-10T08:00:00Z,H96P6,19.05714286
2018-03-10T08:00:00Z,PG3MI,11.42857143
2018-03-10T08:00:00Z,QJHW4,13.84285714
2018-03-10T08:00:00Z,WT52R,2.72
2018-03-10T08:00:00Z,X5DKW,21.08
2018-03-10T08:00:00Z,ZP1FZ,12.1
2018-03-10T08:00:00Z,ZZ8JF,8.066666667
2018-03-10T18:30:00Z,7F1D1,68.1
2018-03-10T18:30:00Z,90S79,134
2018-03-10T18:30:00Z,GVQXS,109.5
2018-03-10T18:30:00Z,WZNCR,167.7777778
2018-03-11T08:00:00Z,3S31A,4.244444444
2018-03-11T08:00:00Z,A2FBI,4.1
2018-03-11T08:00:00Z,DJN0F,10.77272727
2018-03-11T08:00:00Z,E5P9N,5.263636364
2018-03-11T08:00:00Z,FRITQ,7.5
2018-03-11T08:00:00Z,H96P6,13.54545455
2018-03-11T08:00:00Z,PG3MI,7.727272727
2018-03-11T08:00:00Z,QJHW4,6.063636364
2018-03-11T08:00:00Z,WT52R,3.171428571
2018-03-11T08:00:00Z,X5DKW,5
2018-03-11T08:00:00Z,ZP1FZ,4.6
2018-03-11T08:00:00Z,ZZ8JF,4.0375
2018-03-11T18:30:00Z,7F1D1,107.1428571
2018-03-11T18:30:00Z,90S79,204.4285714
2018-03-11T18:30:00Z,GVQXS,155.2857143
2018-03-11T18:30:00Z,WZNCR,240.1428571
2018-03-12T08:00:00Z,3S31A,11.74285714
2018-03-12T08:00:00Z,A2FBI,15
2018-03-12T08:00:00Z,DJN0F,23.18333333
2018-03-12T08:00:00Z,E5P9N,11.7
2018-03-12T08:00:00Z,FRITQ,8.566666667
2018-03-12T08:00:00Z,H96P6,20.21666667
2018-03-12T08:00:00Z,PG3MI,16.57142857
2018-03-12T08:00:00Z,QJHW4,7.466666667
2018-03-12T08:00:00Z,WT52R,7.414285714
2018-03-12T08:00:00Z,X5DKW,19.44285714
2018-03-12T08:00:00Z,ZP1FZ,8.283333333
2018-03-12T08:00:00Z,ZZ8JF,7.02
2018-03-12T18:30:00Z,7F1D1,101.3333333
2018-03-12T18:30:00Z,90S79,183
2018-03-12T18:30:00Z,GVQXS,152.3333333
2018-03-12T18:30:00Z,WZNCR,239
2018-03-13T08:00:00Z,3S31A,5.533333333
2018-03-13T08:00:00Z,A2FBI,13.33333333
2018-03-13T08:00:00Z,DJN0F,15.75
2018-03-13T08:00:00Z,E5P9N,8.55
2018-03-13T08:00:00Z,FRITQ,4.9
2018-03-13T08:00:00Z,H96P6,10.3
2018-03-13T08:00:00Z,PG3MI,9.5
2018-03-13T08:00:00Z,QJHW4,5.075
2018-03-13T08:00:00Z,WT52R,14.55
2018-03-13T08:00:00Z,X5DKW,10.83333333
2018-03-13T08:00:00Z,ZP1FZ,5.883333333
2018-03-13T08:00:00Z,ZZ8JF,10.12
2018-03-13T18:30:00Z,7F1D1,132
2018-03-13T18:30:00Z,90S79,191.75
2018-03-13T18:30:00Z,GVQXS,235.6666667
2018-03-13T18:30:00Z,WZNCR,261.5
2018-03-14T08:00:00Z,3S31A,2.488888889
2018-03-14T08:00:00Z,A2FBI,5.222222222
2018-03-14T08:00:00Z,DJN0F,9.028571429
2018-03-14T08:00:00Z,E5P9N,3.422222222
2018-03-14T08:00:00Z,FRITQ,4.06
2018-03-14T08:00:00Z,H96P6,9.411111111
2018-03-14T08:00:00Z,PG3MI,6.888888889
2018-03-14T08:00:00Z,QJHW4,3.511111111
2018-03-14T08:00:00Z,WT52R,3.925
2018-03-14T08:00:00Z,X5DKW,5.988888889
2018-03-14T08:00:00Z,ZP1FZ,3.633333333
2018-03-14T08:00:00Z,ZZ8JF,1.711111111
2018-03-14T18:30:00Z,7F1D1,117
2018-03-14T18:30:00Z,90S79,159.6
2018-03-14T18:30:00Z,GVQXS,268.2
2018-03-14T18:30:00Z,WZNCR,229.4
2018-03-15T08:00:00Z,3S31A,2.575
2018-03-15T08:00:00Z,A2FBI,3.5
2018-03-15T08:00:00Z,DJN0F,8.1
2018-03-15T08:00:00Z,E5P9N,3.475
2018-03-15T08:00:00Z,FRITQ,9.55
2018-03-15T08:00:00Z,H96P6,5.65
2018-03-15T08:00:00Z,PG3MI,5
2018-03-15T08:00:00Z,QJHW4,4.775
2018-03-15T08:00:00Z,WT52R,2.133333333
2018-03-15T08:00:00Z,X5DKW,8.25
2018-03-15T08:00:00Z,ZP1FZ,5.9
2018-03-15T08:00:00Z,ZZ8JF,1.85
2018-03-15T18:30:00Z,90S79,142.5
2018-03-15T18:30:00Z,GVQXS,234.5
2018-03-15T18:30:00Z,WZNCR,187.7142857
2018-03-16T08:00:00Z,3S31A,5.01
2018-03-16T08:00:00Z,A2FBI,4.444444444
2018-03-16T08:00:00Z,DJN0F,9.02
2018-03-16T08:00:00Z,E5P9N,4.92
2018-03-16T08:00:00Z,FRITQ,34.26666667
2018-03-16T08:00:00Z,H96P6,10.17
2018-03-16T08:00:00Z,PG3MI,7.727272727
2018-03-16T08:00:00Z,QJHW4,7.35
2018-03-16T08:00:00Z,WT52R,3.95
2018-03-16T08:00:00Z,X5DKW,10.49090909
2018-03-16T08:00:00Z,ZP1FZ,5.38
2018-03-16T08:00:00Z,ZZ8JF,2.6
2018-03-16T18:30:00Z,7F1D1,79.75
2018-03-16T18:30:00Z,90S79,170.3333333
2018-03-16T18:30:00Z,GVQXS,204.6666667
2018-03-16T18:30:00Z,WZNCR,187.6666667
2018-03-17T08:00:00Z,3S31A,3.4
2018-03-17T08:00:00Z,A2FBI,3.5
2018-03-17T08:00:00Z,DJN0F,6.95
2018-03-17T08:00:00Z,E5P9N,2.833333333
2018-03-17T08:00:00Z,FRITQ,2.9
2018-03-17T08:00:00Z,H96P6,9.416666667
2018-03-17T08:00:00Z,PG3MI,3.5
2018-03-17T08:00:00Z,QJHW4,5.5
2018-03-17T08:00:00Z,WT52R,2.34
2018-03-17T08:00:00Z,X5DKW,7.06
2018-03-17T08:00:00Z,ZP1FZ,4.08
2018-03-17T08:00:00Z,ZZ8JF,2.55
2018-03-17T18:30:00Z,7F1D1,89
2018-03-17T18:30:00Z,GVQXS,105.5
2018-03-18T08:00:00Z,3S31A,4.671428571
2018-03-18T08:00:00Z,A2FBI,6.142857143
2018-03-18T08:00:00Z,DJN0F,11.2
2018-03-18T08:00:00Z,E5P9N,6.528571429
2018-03-18T08:00:00Z,FRITQ,4.471428571
2018-03-18T08:00:00Z,H96P6,12.62857143
2018-03-18T08:00:00Z,PG3MI,9.428571429
2018-03-18T08:00:00Z,QJHW4,9.128571429
2018-03-18T08:00:00Z,WT52R,2.783333333
2018-03-18T08:00:00Z,X5DKW,10.58571429
2018-03-18T08:00:00Z,ZP1FZ,7.75
2018-03-18T08:00:00Z,ZZ8JF,1.65
2018-03-18T18:30:00Z,7F1D1,81.85714286
2018-03-18T18:30:00Z,90S79,126.75
2018-03-18T18:30:00Z,GVQXS,121.4285714
2018-03-18T18:30:00Z,WZNCR,186.625
2018-03-19T08:00:00Z,3S31A,9.55
2018-03-19T08:00:00Z,A2FBI,5.125
2018-03-19T08:00:00Z,DJN0F,10.9
2018-03-19T08:00:00Z,E5P9N,7.2
2018-03-19T08:00:00Z,FRITQ,8.555555556
2018-03-19T08:00:00Z,H96P6,11.925
2018-03-19T08:00:00Z,PG3MI,9.555555556
2018-03-19T08:00:00Z,QJHW4,5.85
2018-03-19T08:00:00Z,WT52R,0.84
2018-03-19T08:00:00Z,X5DKW,13.61111111
2018-03-19T08:00:00Z,ZP1FZ,12.14
2018-03-19T08:00:00Z,ZZ8JF,2.366666667
2018-03-19T18:30:00Z,6EIL6,238
2018-03-19T18:30:00Z,78V83,209.5
2018-03-19T18:30:00Z,7F1D1,79.77777778
2018-03-19T18:30:00Z,90S79,125.8888889
2018-03-19T18:30:00Z,A7UCQ,236.5
2018-03-19T18:30:00Z,AZJ0Z,237
2018-03-19T18:30:00Z,D72OT,285
2018-03-19T18:30:00Z,D7S1G,254.5
2018-03-19T18:30:00Z,GVQXS,153
2018-03-19T18:30:00Z,HM74A,215.5
2018-03-19T18:30:00Z,NE7BV,265.5
2018-03-19T18:30:00Z,P8JA5,214
2018-03-19T18:30:00Z,S77YN,278
2018-03-19T18:30:00Z,SZLMT,270
2018-03-19T18:30:00Z,UC74Z,236.5
2018-03-19T18:30:00Z,WZNCR,205.7777778
2018-03-20T08:00:00Z,3S31A,8.5125
2018-03-20T08:00:00Z,A2FBI,9.833333333
2018-03-20T08:00:00Z,DJN0F,10.33333333
2018-03-20T08:00:00Z,E5P9N,11.6625
2018-03-20T08:00:00Z,FRITQ,10.6
2018-03-20T08:00:00Z,H96P6,15
2018-03-20T08:00:00Z,PG3MI,14.875
2018-03-20T08:00:00Z,QJHW4,4.733333333
2018-03-20T08:00:00Z,WT52R,4.25
2018-03-20T08:00:00Z,X5DKW,19.14285714
2018-03-20T08:00:00Z,ZP1FZ,15.43333333
2018-03-20T08:00:00Z,ZZ8JF,3.985714286
2018-03-20T18:30:00Z,6EIL6,245.75
2018-03-20T18:30:00Z,78V83,217
2018-03-20T18:30:00Z,7F1D1,144.75
2018-03-20T18:30:00Z,90S79,204.75
2018-03-20T18:30:00Z,A7UCQ,253.75
2018-03-20T18:30:00Z,AZJ0Z,261.5
2018-03-20T18:30:00Z,D72OT,297.25
2018-03-20T18:30:00Z,D7S1G,282.75
2018-03-20T18:30:00Z,GVQXS,274.625
2018-03-20T18:30:00Z,HM74A,273
2018-03-20T18:30:00Z,NE7BV,281.5
2018-03-20T18:30:00Z,P8JA5,257.1666667
2018-03-20T18:30:00Z,S77YN,279.5
2018-03-20T18:30:00Z,SZLMT,298.25
2018-03-20T18:30:00Z,UC74Z,253.75
2018-03-20T18:30:00Z,WZNCR,241
2018-03-20T18:30:00Z,YHOPV,271.6666667
2018-03-21T08:00:00Z,3S31A,9.178571429
2018-03-21T08:00:00Z,A2FBI,9.583333333
2018-03-21T08:00:00Z,DJN0F,13.50769231
2018-03-21T08:00:00Z,E5P9N,9.776923077
2018-03-21T08:00:00Z,FRITQ,12.975
2018-03-21T08:00:00Z,H96P6,17.67692308
2018-03-21T08:00:00Z,PG3MI,13.53846154
2018-03-21T08:00:00Z,QJHW4,9.669230769
2018-03-21T08:00:00Z,WT52R,7.288888889
2018-03-21T08:00:00Z,X5DKW,19.71818182
2018-03-21T08:00:00Z,ZP1FZ,13.15
2018-03-21T08:00:00Z,ZZ8JF,14.5
2018-03-21T18:30:00Z,6EIL6,249.3333333
2018-03-21T18:30:00Z,78V83,225.875
